pdb_id,pe_index,sequence,poly_type,struct_method,crystal_method,ph,temp,pdbx_details,deposit_date,revision_date
7TSL,1,APASLLPPAPEHSPPSSPLTQPPEGPKFPRVKNWEVGSITYDTLSAQAQQDGPCTPRRCLGSLVFPRKLQGRPSPGPPAPEQLLSQARDFINQYYSSIKRSGSQAHEQRLQEVEAEVAATGTYQLRESELVFGAKQAWRNAPRCVGRIQWGKLQVFDARDCRSAQEMFTYICNHIKYATNRGNLRSAITVFPQRCPGRGDFRIWNSQLVRYAGYRQQDGSVRGDPANVEITELCIQHGWTPGNGRFDVLPLLLQAPDEPPELFLLPPELVLEVPLEHPTLEWFAALGLRWYALPAVSNMLLEIGGLEFPAAPFSGWYMSTEIGTRNLCDPHRYNILEDVAVCMDLDTRTTSSLWKDKAAVEINVAVLHSYQLAKVTIVDHHAATASFMKHLENEQKARGGCPADWAWIVPPISGSLTPVFHQEMVNYFLSPAFRYQPDPW,Protein,X-RAY DIFFRACTION,SITTING-DROP,7.5,277.0,"10-12% PEG3350, 0.1M BIS-TRIS
0.2-0.3M MG ACETATE, 0.1M GdCl3 
10% glycerol, 5 mM TCEP",2022-01-31T00:00:00+0000,2023-10-18T00:00:00+0000
5F8Y,1,MTTFLIKHKASGKFLHPYGGSSNPANNTKLVLHSDIHERMYFQFDVVDERWGYIKHVASGKIVHPYGGQANPPNETNMVLHQDRHDRALFAMDFFNDNIMHKGGKYIHPKGGSPNPPNNTETVIHGDKHAAMEFIFVSPKNKDKRVLVYAHHHHHH,Protein,X-RAY DIFFRACTION,SITTING-DROP,7.0,293.0,"0.2 M imidazole malate, 25%(w/v) PEG4000",2015-12-09T00:00:00+0000,2024-03-20T00:00:00+0000
5JAE,1,MEVKREHWATRLGLILAMAGNAVGLGNFLRFPVQAAENGGGAFMIPYIIAFLLVGIPLMWIEWAMGRYGGAQGHGTTPAIFYLLWRNRFAKILGVFGLWIPLVVAIYYVYIESWTLGFAIKFLVGLVPEPPPNATDPDSILRPFKEFLYSYIGVPKGDEPILKPSLFAYIVFLITMFINVSILIRGISKGIERFAKIAMPTLFILAVFLVIRVFLLETPNGTAADGLNFLWTPDFEKLKDPGVWIAAVGQIFFTLSLGFGAIITYASYVRKDQDIVLSGLTAATLNEKAEVILGGSISIPAAVAFFGVANAVAIAKAGAFNLGFITLPAIFSQTAGGTFLGFLWFFLLFFAGLTSSIAIMQPMIAFLEDELKLSRKHAVLWTAAIVFFSAHLVMFLNKSLDEMDFWAGTIGVVFFGLTELIIFFWIFGADKAWEEINRGGIIKVPRIYYYVMRYITPAFLAVLLVVWAREYIPKIMEETHWTVWITRFYIIGLFLFLTFLVFLAERRRNHESAGTLVPR,Protein,X-RAY DIFFRACTION,SITTING-DROP,6.5,292.0,"1 uL + 1uL drop with 500 uL reservoir solution: 100 mM Tris-MES pH 6.5, 75 mM K-Citrate, 24-28% w/w PEG550 MME and 10% (v/v) glycerol;
protein buffer: 10 mM Tris-MES pH 6.0, 100 mM KCl, 10% (v/v) glycerol, 40 mM n-octyl-beta-D-glucoside",2016-04-12T00:00:00+0000,2024-01-10T00:00:00+0000
7TZE,1,SGPGKELPVVWAQEGAPVHLPCSLKSPNLDPNFLRRGGVIWQHQPDSGQPTPIPALDLHQGMPSPRQPAPGRYTVLSVAPGGLRSGRQPLHPHVQLEERGLQRGDFSLWLRPALRTDAGEYHATVRLPNRALSCSLRLRVGQASMIASPSGVLKLSDWVLLNCSFSRPDRPVSVHWFQGQNRVPVYNSPRHFLAETFLLLPQVSPLDSGTWGCVLTYRDGFNVSITYNLKVL,Protein,X-RAY DIFFRACTION,SITTING-DROP,,293.15,2 M ammonium sulfate,2022-02-15T00:00:00+0000,2023-10-18T00:00:00+0000
4EUA,1,MTERIRNVALRSKVCPAETASELIKHGDVVGTSGFTGAGYPKEVPKALAQRMEAAHDRGEKYQISLITGASTGPQLDGELAKANGVYFRSPFNTDATMRNRINAGETEYFDNHLGQVAGRAVQGNYGKFNIALVEATAITEDGGIVPTSSVGNSQTFLNLAEKVIIEVNEWQNPMLEGIHDIWDGNVSGVPTRDIVPIVRADQRVGGPVLRVNPDKIAAIVRTNDRDENAPFAAPDETAKAIAGYLLDFFGHEVKQNRLPPSLLPLQSGVGNVANAVLEGLKEGPFENLVGYSEVIQDGMLAMLDSGRMRIASASSFSLSPEAAEEINNRMDFFRSKIILRQQDVSNSPGIIRRLGCIAMNGMIEADIYGNVNSTRVMGSKMMNGIGGSGDFARSSYLSIFLSPSTAKGGKISAIVPMAAHVDHIMQDAQIFVTEQGLADLRGLSPVQRAREIISKCAHPDYRPMLQDYFDRALKNSFGKHTPHLLTEALSWHQRFIDTGTMLPSSLEHHHHHH,Protein,X-RAY DIFFRACTION,HANGING-DROP,8.2,298.0,"0.9 M sodium citrate, 0.1 M imidazole, 25 mM 2-mercaptoethanol, and 2 mM succinyl-CoA, pH 8.2, VAPOR DIFFUSION, HANGING DROP, temperature 298K",2012-04-25T00:00:00+0000,2024-02-28T00:00:00+0000
1EZF,1,MDRNSLSNSLKTCYKYLNQTSRSFAAVIQALDGEMRNAVCIFYLVLRALDTLEDDMTISVEKKVPLLHNFHSFLYQPDWRFMESKEKDRQVLEDFPTISLEFRNLAEKYQTVIADICRRMGIGMAEFLDKHVTSEQEWDKYCHYVAGLVGIGLSRLFSASEFEDPLVGEDTERANSMGLFLQKTNIIRDYLEDQQGGREFWPQEVWSRYVKKLGDFAKPENIDLAVQCLNELITNALHHIPDVITYLSRLRNQSVFNFCAIPQVMAIATLAACYNNQQVFKGAVKIRKGQAVTLMMDATNMPAVKAIIYQYMEEIYHRIPDSDPSSSKTRQIISTIRTQN,Protein,X-RAY DIFFRACTION,HANGING-DROP,5.6,293.0,"25-30% PEG 4000, 0.1M sodium citrate, pH5.6, 0.2M ammonium acetate , VAPOR DIFFUSION, HANGING DROP, temperature 20K",2000-05-10T00:00:00+0000,2024-02-07T00:00:00+0000
8OW8,1,MAHHHHHHSSGLEVLFQGMVTINDLHYSDPIDEDNIINMRIPLYDLEVDDQFINHNVPDLKAFQVFPNVWVVPERYTFYSTMKNLDAPANPSRSSYYDPTYLQSDAEKEVFLQQMILLFKRINSTQEGQQFLNLLSRSIPVPYESNGDVAMGTTQVIKQMDDKGNVLKHRRAHIIIYGPGPDLMAKGSKALTKSRETGRGCMAEIYFSPMYHKTYSTKLTNKNSLVDKSVQEFVPDPAVTLIHELCHGLHALYGIDLGNVGSWEFNSNPNSLFSSWFSSKEAVNFEEVMTFGGEDVKVIKSEIDKKIPGILNLIKTTVEPIINKITDPHDEMLQCLQSKYPSLKGTLGQFFFDDTQLEKDIRDLWMVMNETMFAENLKALTRARYLVPKVENIVQVDILSPNVYTIDKGFNHLSKGFKGQSVSQSYFRKISALARGAVVRACPQAF,Protein,X-RAY DIFFRACTION,SITTING-DROP,7.0,289.15,"0.1 M SPG (succinic acid, sodium phosphate monobasic monohydrate, and glycine) buffer pH 7.0, 25% w/v PEG 1500",2023-04-27T00:00:00+0000,2023-09-06T00:00:00+0000
1UIG,1,KVFGRCELAAAMKRHGLDNYRGYSLGNWVCAAKFESNFNTQATNRNTDGSTDYGILQINSRWWCNDGRTPGSRNLCNIPCSALLSSDITASVNCAKKIVSDGNGMNAWVAWRNRCKGTDVQAWIRGCRL,Protein,X-RAY DIFFRACTION,SITTING-DROP,4.7,,50 MM ACETATE AT PH 4.7 CONTAINING 0.9 M NACL,1996-11-26T00:00:00+0000,2023-08-09T00:00:00+0000
5DND,1,MGSSHHHHHHSSGGNENLYFQGHMARASGSERHLLLIYTGGTLGMQSKGGVLVPGPGLVTLLRTLPMFHDKEFAQAQGLPDHALALPPASHGPRVLYTVLECQPLLDSSDMTIDDWIRIAKIIERHYEQYQGFVVIHGADTMASGASMLSFMLENLHKPVILTGAQVPIRVLWNDARENLLGALLVAGQYIIPEVCLFMNSQLFRGNRVTKVDSQKFEAFCSPNLSPLATVGADVTIAWDLVRKVKWKDPLVVHSNMEHDVALLRLYPGIPASLVRAFLQPPLKGVVLETFGSGNGPSKPDLLQELRAAAQRGLIMVNCSQCLRGSVTPGYATSLAGANIVSGLDMTSEAALAKLSYVLGLPELSLERRQELLAKDLRGEMTLPTADLHQSSPPGSTLGQGVARLFSLFGCQEEDSVQDAVMPSLALALAHAGELEALQALMELGSDLRLKDSNGQTLLHVAARNGRDGVVTMLLHRGMDVNARDRDGLSPLLLAVQGRHRECIRLLRKAGACLSPQDLKDAGTELCRLASRADMEGLQAWGQAGADLQQPGYDGRSALCVAEAAGNQEVLALLRNLALVGPEVPPAI,Protein,X-RAY DIFFRACTION,HANGING-DROP,7.0,293.0,"0.1 M HEPES pH 7.0, 12-15% PEG 4000",2015-09-09T00:00:00+0000,2023-09-27T00:00:00+0000
3ZCH,1,MRGSHHHHHHGSGKSYPTVSADYQKAVEKAKKKLRGFIAEKRCAPLMLRLAAMSAGTFDKGTKTGGPFGTIKHPAELAHSANNGLDIAVRLLEPLKAEFPILSYADFYQLAGVVAVEVTGGPEVPFHPGREDKPEPPPEGRLPDATKGSDHLRDVFGKAMGLTDQDIVALSGGHTIGAAHKERSGFEGPWTSNPLIFDNSYFTELLSGEKEGLLQLPSDKALLSDPVFRPLVDKYAADEDAFFADYAEAHQKLSELGFADA,Protein,X-RAY DIFFRACTION,SITTING-DROP,8.5,,"LISO4 2.5M, HEPES 100 MM PH 8.5",2012-11-20T00:00:00+0000,2023-12-20T00:00:00+0000
